<?xml-model href='../../working/FedRAMP/fedramp-profile.sch' type='application/xml' schematypens='http://purl.oclc.org/dsdl/schematron'?>
<?xml-stylesheet type='text/xsl' href='../lib/CSS/oscal.css'?>
<!-- Produced by VBA MS Access script, using MSXML2.DOMDocument.6.0 -->
<!-- Created: 5/14/2018 11:09:14 PM -->
<profile id="uuid-fedramp-moderate-20180514-230914" xmlns="http://csrc.nist.gov/ns/oscal/1.0">
	<title>FedRAMP MODERATE Baseline PROFILE</title>
	<import href="../SP800-53/SP800-53-MODERATE-baseline.xml">
		<include>
			<call control-id="ac-1"/>
			<call control-id="ac-2"/>
			<call subcontrol-id="ac-2.1"/>
			<call subcontrol-id="ac-2.2"/>
			<call subcontrol-id="ac-2.3"/>
			<call subcontrol-id="ac-2.4"/>
			<call control-id="ac-3"/>
			<call control-id="ac-4"/>
			<call control-id="ac-5"/>
			<call control-id="ac-6"/>
			<call subcontrol-id="ac-6.1"/>
			<call subcontrol-id="ac-6.2"/>
			<call subcontrol-id="ac-6.5"/>
			<call subcontrol-id="ac-6.9"/>
			<call subcontrol-id="ac-6.10"/>
			<call control-id="ac-7"/>
			<call control-id="ac-8"/>
			<call control-id="ac-11"/>
			<call subcontrol-id="ac-11.1"/>
			<call control-id="ac-12"/>
			<call control-id="ac-14"/>
			<call control-id="ac-17"/>
			<call subcontrol-id="ac-17.1"/>
			<call subcontrol-id="ac-17.2"/>
			<call subcontrol-id="ac-17.3"/>
			<call subcontrol-id="ac-17.4"/>
			<call control-id="ac-18"/>
			<call subcontrol-id="ac-18.1"/>
			<call control-id="ac-19"/>
			<call subcontrol-id="ac-19.5"/>
			<call control-id="ac-20"/>
			<call subcontrol-id="ac-20.1"/>
			<call subcontrol-id="ac-20.2"/>
			<call control-id="ac-21"/>
			<call control-id="ac-22"/>
			<call control-id="at-1"/>
			<call control-id="at-2"/>
			<call subcontrol-id="at-2.2"/>
			<call control-id="at-3"/>
			<call control-id="at-4"/>
			<call control-id="au-1"/>
			<call control-id="au-2"/>
			<call subcontrol-id="au-2.3"/>
			<call control-id="au-3"/>
			<call subcontrol-id="au-3.1"/>
			<call control-id="au-4"/>
			<call control-id="au-5"/>
			<call control-id="au-6"/>
			<call subcontrol-id="au-6.1"/>
			<call subcontrol-id="au-6.3"/>
			<call control-id="au-7"/>
			<call subcontrol-id="au-7.1"/>
			<call control-id="au-8"/>
			<call subcontrol-id="au-8.1"/>
			<call control-id="au-9"/>
			<call subcontrol-id="au-9.4"/>
			<call control-id="au-11"/>
			<call control-id="au-12"/>
			<call control-id="ca-1"/>
			<call control-id="ca-2"/>
			<call subcontrol-id="ca-2.1"/>
			<call control-id="ca-3"/>
			<call subcontrol-id="ca-3.5"/>
			<call control-id="ca-5"/>
			<call control-id="ca-6"/>
			<call control-id="ca-7"/>
			<call subcontrol-id="ca-7.1"/>
			<call control-id="ca-9"/>
			<call control-id="cm-1"/>
			<call control-id="cm-2"/>
			<call subcontrol-id="cm-2.1"/>
			<call subcontrol-id="cm-2.3"/>
			<call subcontrol-id="cm-2.7"/>
			<call control-id="cm-3"/>
			<call control-id="cm-4"/>
			<call control-id="cm-5"/>
			<call control-id="cm-6"/>
			<call control-id="cm-7"/>
			<call subcontrol-id="cm-7.1"/>
			<call subcontrol-id="cm-7.2"/>
			<call control-id="cm-8"/>
			<call subcontrol-id="cm-8.1"/>
			<call subcontrol-id="cm-8.3"/>
			<call subcontrol-id="cm-8.5"/>
			<call control-id="cm-9"/>
			<call control-id="cm-10"/>
			<call control-id="cm-11"/>
			<call control-id="cp-1"/>
			<call control-id="cp-2"/>
			<call subcontrol-id="cp-2.1"/>
			<call subcontrol-id="cp-2.3"/>
			<call subcontrol-id="cp-2.8"/>
			<call control-id="cp-3"/>
			<call control-id="cp-4"/>
			<call subcontrol-id="cp-4.1"/>
			<call control-id="cp-6"/>
			<call subcontrol-id="cp-6.1"/>
			<call subcontrol-id="cp-6.3"/>
			<call control-id="cp-7"/>
			<call subcontrol-id="cp-7.1"/>
			<call subcontrol-id="cp-7.2"/>
			<call subcontrol-id="cp-7.3"/>
			<call control-id="cp-8"/>
			<call subcontrol-id="cp-8.1"/>
			<call subcontrol-id="cp-8.2"/>
			<call control-id="cp-9"/>
			<call subcontrol-id="cp-9.1"/>
			<call control-id="cp-10"/>
			<call subcontrol-id="cp-10.2"/>
			<call control-id="ia-1"/>
			<call control-id="ia-2"/>
			<call subcontrol-id="ia-2.1"/>
			<call subcontrol-id="ia-2.2"/>
			<call subcontrol-id="ia-2.3"/>
			<call subcontrol-id="ia-2.8"/>
			<call subcontrol-id="ia-2.11"/>
			<call subcontrol-id="ia-2.12"/>
			<call control-id="ia-3"/>
			<call control-id="ia-4"/>
			<call control-id="ia-5"/>
			<call subcontrol-id="ia-5.1"/>
			<call subcontrol-id="ia-5.2"/>
			<call subcontrol-id="ia-5.3"/>
			<call subcontrol-id="ia-5.11"/>
			<call control-id="ia-6"/>
			<call control-id="ia-7"/>
			<call control-id="ia-8"/>
			<call subcontrol-id="ia-8.1"/>
			<call subcontrol-id="ia-8.2"/>
			<call subcontrol-id="ia-8.3"/>
			<call subcontrol-id="ia-8.4"/>
			<call control-id="ir-1"/>
			<call control-id="ir-2"/>
			<call control-id="ir-3"/>
			<call subcontrol-id="ir-3.2"/>
			<call control-id="ir-4"/>
			<call subcontrol-id="ir-4.1"/>
			<call control-id="ir-5"/>
			<call control-id="ir-6"/>
			<call subcontrol-id="ir-6.1"/>
			<call control-id="ir-7"/>
			<call subcontrol-id="ir-7.1"/>
			<call control-id="ir-8"/>
			<call control-id="ma-1"/>
			<call control-id="ma-2"/>
			<call control-id="ma-3"/>
			<call subcontrol-id="ma-3.1"/>
			<call subcontrol-id="ma-3.2"/>
			<call control-id="ma-4"/>
			<call subcontrol-id="ma-4.2"/>
			<call control-id="ma-5"/>
			<call control-id="ma-6"/>
			<call control-id="mp-1"/>
			<call control-id="mp-2"/>
			<call control-id="mp-3"/>
			<call control-id="mp-4"/>
			<call control-id="mp-5"/>
			<call subcontrol-id="mp-5.4"/>
			<call control-id="mp-6"/>
			<call control-id="mp-7"/>
			<call subcontrol-id="mp-7.1"/>
			<call control-id="pe-1"/>
			<call control-id="pe-2"/>
			<call control-id="pe-3"/>
			<call control-id="pe-4"/>
			<call control-id="pe-5"/>
			<call control-id="pe-6"/>
			<call subcontrol-id="pe-6.1"/>
			<call control-id="pe-8"/>
			<call control-id="pe-9"/>
			<call control-id="pe-10"/>
			<call control-id="pe-11"/>
			<call control-id="pe-12"/>
			<call control-id="pe-13"/>
			<call subcontrol-id="pe-13.3"/>
			<call control-id="pe-14"/>
			<call control-id="pe-15"/>
			<call control-id="pe-16"/>
			<call control-id="pe-17"/>
			<call control-id="pl-1"/>
			<call control-id="pl-2"/>
			<call subcontrol-id="pl-2.3"/>
			<call control-id="pl-4"/>
			<call subcontrol-id="pl-4.1"/>
			<call control-id="pl-8"/>
			<call control-id="ps-1"/>
			<call control-id="ps-2"/>
			<call control-id="ps-3"/>
			<call control-id="ps-4"/>
			<call control-id="ps-5"/>
			<call control-id="ps-6"/>
			<call control-id="ps-7"/>
			<call control-id="ps-8"/>
			<call control-id="ra-1"/>
			<call control-id="ra-2"/>
			<call control-id="ra-3"/>
			<call control-id="ra-5"/>
			<call subcontrol-id="ra-5.1"/>
			<call subcontrol-id="ra-5.2"/>
			<call subcontrol-id="ra-5.5"/>
			<call control-id="sa-1"/>
			<call control-id="sa-2"/>
			<call control-id="sa-3"/>
			<call control-id="sa-4"/>
			<call subcontrol-id="sa-4.1"/>
			<call subcontrol-id="sa-4.2"/>
			<call subcontrol-id="sa-4.9"/>
			<call subcontrol-id="sa-4.10"/>
			<call control-id="sa-5"/>
			<call control-id="sa-8"/>
			<call control-id="sa-9"/>
			<call subcontrol-id="sa-9.2"/>
			<call control-id="sa-10"/>
			<call control-id="sa-11"/>
			<call control-id="sc-1"/>
			<call control-id="sc-2"/>
			<call control-id="sc-4"/>
			<call control-id="sc-5"/>
			<call control-id="sc-7"/>
			<call subcontrol-id="sc-7.3"/>
			<call subcontrol-id="sc-7.4"/>
			<call subcontrol-id="sc-7.5"/>
			<call subcontrol-id="sc-7.7"/>
			<call control-id="sc-8"/>
			<call subcontrol-id="sc-8.1"/>
			<call control-id="sc-10"/>
			<call control-id="sc-12"/>
			<call control-id="sc-13"/>
			<call control-id="sc-15"/>
			<call control-id="sc-17"/>
			<call control-id="sc-18"/>
			<call control-id="sc-19"/>
			<call control-id="sc-20"/>
			<call control-id="sc-21"/>
			<call control-id="sc-22"/>
			<call control-id="sc-23"/>
			<call control-id="sc-28"/>
			<call control-id="sc-39"/>
			<call control-id="si-1"/>
			<call control-id="si-2"/>
			<call subcontrol-id="si-2.2"/>
			<call control-id="si-3"/>
			<call subcontrol-id="si-3.1"/>
			<call subcontrol-id="si-3.2"/>
			<call control-id="si-4"/>
			<call subcontrol-id="si-4.2"/>
			<call subcontrol-id="si-4.4"/>
			<call subcontrol-id="si-4.5"/>
			<call control-id="si-5"/>
			<call control-id="si-7"/>
			<call subcontrol-id="si-7.1"/>
			<call subcontrol-id="si-7.7"/>
			<call control-id="si-8"/>
			<call subcontrol-id="si-8.1"/>
			<call subcontrol-id="si-8.2"/>
			<call control-id="si-10"/>
			<call control-id="si-11"/>
			<call control-id="si-12"/>
			<call control-id="si-16"/>
		</include>
	</import>
	<import href="SP800-53-rev4-catalog.xml">
		<include>
			<call subcontrol-id="ac-2.5"/>
			<call subcontrol-id="ac-2.7"/>
			<call subcontrol-id="ac-2.9"/>
			<call subcontrol-id="ac-2.10"/>
			<call subcontrol-id="ac-2.12"/>
			<call subcontrol-id="ac-4.21"/>
			<call control-id="ac-10"/>
			<call subcontrol-id="ac-17.9"/>
			<call subcontrol-id="au-9.2"/>
			<call subcontrol-id="ca-2.2"/>
			<call subcontrol-id="ca-2.3"/>
			<call subcontrol-id="ca-3.3"/>
			<call control-id="ca-8"/>
			<call subcontrol-id="ca-8.1"/>
			<call subcontrol-id="cm-2.2"/>
			<call subcontrol-id="cm-5.1"/>
			<call subcontrol-id="cm-5.3"/>
			<call subcontrol-id="cm-5.5"/>
			<call subcontrol-id="cm-6.1"/>
			<call subcontrol-id="cm-7.5"/>
			<call subcontrol-id="cm-10.1"/>
			<call subcontrol-id="cp-2.2"/>
			<call subcontrol-id="cp-9.3"/>
			<call subcontrol-id="ia-2.5"/>
			<call subcontrol-id="ia-4.4"/>
			<call subcontrol-id="ia-5.4"/>
			<call subcontrol-id="ia-5.6"/>
			<call subcontrol-id="ia-5.7"/>
			<call subcontrol-id="ir-7.2"/>
			<call control-id="ir-9"/>
			<call subcontrol-id="ir-9.1"/>
			<call subcontrol-id="ir-9.2"/>
			<call subcontrol-id="ir-9.3"/>
			<call subcontrol-id="ir-9.4"/>
			<call subcontrol-id="ma-3.3"/>
			<call subcontrol-id="ma-5.1"/>
			<call subcontrol-id="mp-6.2"/>
			<call subcontrol-id="pe-13.2"/>
			<call subcontrol-id="pe-14.2"/>
			<call subcontrol-id="ps-3.3"/>
			<call subcontrol-id="ra-5.3"/>
			<call subcontrol-id="ra-5.6"/>
			<call subcontrol-id="ra-5.8"/>
			<call subcontrol-id="sa-4.8"/>
			<call subcontrol-id="sa-9.1"/>
			<call subcontrol-id="sa-9.4"/>
			<call subcontrol-id="sa-9.5"/>
			<call subcontrol-id="sa-10.1"/>
			<call subcontrol-id="sa-11.1"/>
			<call subcontrol-id="sa-11.2"/>
			<call subcontrol-id="sa-11.8"/>
			<call control-id="sc-6"/>
			<call subcontrol-id="sc-7.8"/>
			<call subcontrol-id="sc-7.12"/>
			<call subcontrol-id="sc-7.13"/>
			<call subcontrol-id="sc-7.18"/>
			<call subcontrol-id="sc-12.2"/>
			<call subcontrol-id="sc-12.3"/>
			<call subcontrol-id="sc-28.1"/>
			<call subcontrol-id="si-2.3"/>
			<call subcontrol-id="si-3.7"/>
			<call subcontrol-id="si-4.1"/>
			<call subcontrol-id="si-4.14"/>
			<call subcontrol-id="si-4.16"/>
			<call subcontrol-id="si-4.23"/>
			<call control-id="si-6"/>
		</include>
	</import>
	<merge/>
	<modify>
		<!-- - - AC-1 - -  -->
		<set-param param-id="ac-1_prm_3">
			<value>at least annually</value>
		</set-param>
		<set-param param-id="ac-1_prm_2">
			<value>at least every 3 years</value>
		</set-param>
		<!-- - - AC-2 - -  -->
		<set-param param-id="ac-2_prm_4">
			<value>at least annually</value>
		</set-param>
		<!-- - - AC-2 (1) - -  -->
		<!-- - - AC-2 (2) - -  -->
		<set-param param-id="ac-2.2_prm_2">
			<value>no more than 30 days for temporary and emergency account types</value>
		</set-param>
		<!-- - - AC-2 (3) - -  -->
		<set-param param-id="ac-2.3_prm_1">
			<value>90 days for user accounts</value>
		</set-param>
		<!-- - - AC-2 (4) - -  -->
		<!-- - - AC-2 (5) - -  -->
		<alter subcontrol-id="ac-2.5" altered-by="http://fedramp.gov/ns/oscal-extension/1.0">
			<add>
				<part class="guidance" required-by="fedramp">
					<p>AC-2(5) should use a shorter timeframe than AC-12.</p>
				</part>
			</add>
		</alter>
		<!-- - - AC-2 (7) - -  -->
		<!-- - - AC-2 (9) - -  -->
		<alter subcontrol-id="ac-2.9" altered-by="http://fedramp.gov/ns/oscal-extension/1.0">
			<add>
				<part class="guidance" required-by="fedramp">
					<p>AC-2 (9) Required if shared/group accounts are deployed
</p>
				</part>
			</add>
		</alter>
		<!-- - - AC-2 (10) - -  -->
		<alter subcontrol-id="ac-2.10" altered-by="http://fedramp.gov/ns/oscal-extension/1.0">
			<add>
				<part class="guidance" required-by="fedramp">
					<p>AC-2 (10) Required if shared/group accounts are deployed
</p>
				</part>
			</add>
		</alter>
		<!-- - - AC-2 (12) - -  -->
		<alter subcontrol-id="ac-2.12" altered-by="http://fedramp.gov/ns/oscal-extension/1.0">
			<add>
				<part class="guidance" required-by="fedramp">
					<p>AC-2 (12)(a) and AC-2 (12)(b) Additional FedRAMP Requirements and Guidance: Required for privileged accounts.
</p>
				</part>
			</add>
		</alter>
		<!-- - - AC-3 - -  -->
		<!-- - - AC-4 - -  -->
		<!-- - - AC-4 (21) - -  -->
		<!-- - - AC-5 - -  -->
		<alter control-id="ac-5" altered-by="http://fedramp.gov/ns/oscal-extension/1.0">
			<add>
				<part class="guidance" required-by="fedramp">
					<p>AC-5 Additional FedRAMP Requirements and Guidance: 
Guidance: CSPs have the option to provide a separation of duties matrix as an attachment to the SSP.
</p>
				</part>
			</add>
		</alter>
		<!-- - - AC-6 - -  -->
		<!-- - - AC-6 (1) - -  -->
		<!-- - - AC-6 (2) - -  -->
		<alter subcontrol-id="ac-6.2" altered-by="http://fedramp.gov/ns/oscal-extension/1.0">
			<add>
				<part class="guidance" required-by="fedramp">
					<p>AC-6 (2) Guidance:  Examples of security functions include but are not limited to: establishing system accounts, configuring access authorizations (i.e., permissions, privileges), setting events to be audited, and setting intrusion detection parameters, system programming, system and security administration, other privileged functions.                            
</p>
				</part>
			</add>
		</alter>
		<set-param param-id="ac-6.2_prm_1">
			<value>all security functions</value>
		</set-param>
		<!-- - - AC-6 (5) - -  -->
		<!-- - - AC-6 (9) - -  -->
		<!-- - - AC-6 (10) - -  -->
		<!-- - - AC-7 - -  -->
		<set-param param-id="ac-7_prm_2">
			<value>fifteen minutes</value>
		</set-param>
		<set-param param-id="ac-7_prm_3">
			<value>locks the account/node for thirty minutes</value>
		</set-param>
		<set-param param-id="ac-7_prm_4">
			<value>locks the account/node for thirty minutes</value>
		</set-param>
		<set-param param-id="ac-7_prm_1">
			<value>not more than three</value>
		</set-param>
		<!-- - - AC-8 - -  -->
		<alter control-id="ac-8" altered-by="http://fedramp.gov/ns/oscal-extension/1.0">
			<add>
				<part class="guidance" required-by="fedramp">
					<p>AC-8 Requirement: The service provider shall determine elements of the cloud environment that require the System Use Notification control. The elements of the cloud environment that require System Use Notification are approved and accepted by the JAB.
AC-08 Requirement: The service provider shall determine how System Use Notification is going to be verified and provide appropriate periodicity of the check. The System Use Notification verification and periodicity are approved and accepted by the JAB.
AC-8 Guidance: If performed as part of a Configuration Baseline check, then the % of items requiring setting that are checked and that pass (or fail) check can be provided. AC-8 Requirement: If not performed as part of a Configuration Baseline check, then there must be documented agreement on how to provide results of verification and the necessary periodicity of the verification by the service provider. The documented agreement on how to provide verification of the results are approved and accepted by the JAB.</p>
				</part>
			</add>
		</alter>
		<set-param param-id="ac-8_prm_1">
			<value>see additional Requirements and Guidance</value>
		</set-param>
		<set-param param-id="ac-8_prm_2">
			<value>see additional Requirements and Guidance]</value>
		</set-param>
		<!-- - - AC-10 - -  -->
		<set-param param-id="ac-10_prm_2">
			<value>three (3) sessions for privileged access and two (2) sessions for non-privileged access</value>
		</set-param>
		<!-- - - AC-11 - -  -->
		<set-param param-id="ac-11_prm_1">
			<value>fifteen minutes</value>
		</set-param>
		<!-- - - AC-11 (1) - -  -->
		<!-- - - AC-12 - -  -->
		<!-- - - AC-14 - -  -->
		<!-- - - AC-17 - -  -->
		<!-- - - AC-17 (1) - -  -->
		<!-- - - AC-17 (2) - -  -->
		<!-- - - AC-17 (3) - -  -->
		<!-- - - AC-17 (4) - -  -->
		<!-- - - AC-17 (9) - -  -->
		<set-param param-id="ac-17.9_prm_1">
			<value>no greater than 15 minutes</value>
		</set-param>
		<!-- - - AC-18 - -  -->
		<!-- - - AC-18 (1) - -  -->
		<!-- - - AC-19 - -  -->
		<!-- - - AC-19 (5) - -  -->
		<!-- - - AC-20 - -  -->
		<!-- - - AC-20 (1) - -  -->
		<!-- - - AC-20 (2) - -  -->
		<!-- - - AC-21 - -  -->
		<!-- - - AC-22 - -  -->
		<set-param param-id="ac-22_prm_1">
			<value>at least quarterly</value>
		</set-param>
		<!-- - - AT-1 - -  -->
		<set-param param-id="at-1_prm_3">
			<value>at least annually</value>
		</set-param>
		<set-param param-id="at-1_prm_2">
			<value>at least every 3 years</value>
		</set-param>
		<!-- - - AT-2 - -  -->
		<set-param param-id="at-2_prm_1">
			<value>at least annually</value>
		</set-param>
		<!-- - - AT-2 (2) - -  -->
		<!-- - - AT-3 - -  -->
		<set-param param-id="at-3_prm_1">
			<value>at least annually</value>
		</set-param>
		<!-- - - AT-4 - -  -->
		<set-param param-id="at-4_prm_1">
			<value>At least one year</value>
		</set-param>
		<!-- - - AU-1 - -  -->
		<set-param param-id="au-1_prm_3">
			<value>at least annually</value>
		</set-param>
		<set-param param-id="au-1_prm_2">
			<value>at least every 3 years</value>
		</set-param>
		<!-- - - AU-2 - -  -->
		<alter control-id="au-2" altered-by="http://fedramp.gov/ns/oscal-extension/1.0">
			<add>
				<part class="guidance" required-by="fedramp">
					<p>AU-2 Requirement: Coordination between service provider and consumer shall be documented and accepted by the JAB/AO.</p>
				</part>
			</add>
		</alter>
		<set-param param-id="au-2_prm_2">
			<value>organization-defined subset of the auditable events defined in AU-2 a to be audited continually for each identified event</value>
		</set-param>
		<set-param param-id="au-2_prm_1">
			<value>Successful and unsuccessful account logon events, account management events, object access, policy change, privilege functions, process tracking, and system events For Web applications: all administrator activity, authentication checks, authorization checks, data deletions, data access, data changes, and permission changes</value>
		</set-param>
		<!-- - - AU-2 (3) - -  -->
		<alter subcontrol-id="au-2.3" altered-by="http://fedramp.gov/ns/oscal-extension/1.0">
			<add>
				<part class="guidance" required-by="fedramp">
					<p>AU-2 (3) Guidance: Annually or whenever changes in the threat environment are communicated to the service provider by the JAB.</p>
				</part>
			</add>
		</alter>
		<set-param param-id="au-2.3_prm_1">
			<value>annually or whenever there is a change in the threat environment</value>
		</set-param>
		<!-- - - AU-3 - -  -->
		<!-- - - AU-3 (1) - -  -->
		<alter subcontrol-id="au-3.1" altered-by="http://fedramp.gov/ns/oscal-extension/1.0">
			<add>
				<part class="guidance" required-by="fedramp">
					<p>AU-3 (1). Requirement: The service provider defines audit record types. The audit record types are approved and accepted by the JAB/AO. Guidance: For client-server transactions, the number of bytes sent and received gives bidirectional transfer information that can be helpful during an investigation or inquiry.</p>
				</part>
			</add>
		</alter>
		<set-param param-id="au-3.1_prm_1">
			<value>session, connection, transaction, or activity duration; for client-server transactions, the number of bytes received and bytes sent; additional informational messages to diagnose or identify the event; characteristics that describe or identify the object or resource being acted upon</value>
		</set-param>
		<!-- - - AU-4 - -  -->
		<!-- - - AU-5 - -  -->
		<set-param param-id="au-5_prm_2">
			<value>organization-defined actions to be taken (overwrite oldest record)</value>
		</set-param>
		<!-- - - AU-6 - -  -->
		<alter control-id="au-6" altered-by="http://fedramp.gov/ns/oscal-extension/1.0">
			<add>
				<part class="guidance" required-by="fedramp">
					<p>AU-6 Requirement: Coordination between service provider and consumer shall be documented and accepted by the JAB/AO. In multi-tennant environments, capability and means for providing review, analysis, and reporting to consumer for data pertaining to consumer shall be documented.</p>
				</part>
			</add>
		</alter>
		<set-param param-id="au-6_prm_1">
			<value>at least weekly</value>
		</set-param>
		<!-- - - AU-6 (1) - -  -->
		<!-- - - AU-6 (3) - -  -->
		<!-- - - AU-7 - -  -->
		<!-- - - AU-7 (1) - -  -->
		<!-- - - AU-8 - -  -->
		<!-- - - AU-8 (1) - -  -->
		<alter subcontrol-id="au-8.1" altered-by="http://fedramp.gov/ns/oscal-extension/1.0">
			<add>
				<part class="guidance" required-by="fedramp">
					<p>AU-8 (1) Requirement: The service provider selects primary and secondary time servers used by the NIST Internet time service. The secondary server is selected from a different geographic region than the primary server.
AU-8 (1) Requirement: The service provider synchronizes the system clocks of network computers that run operating systems other than Windows to the Windows Server Domain Controller emulator or to the same time source for that server.
AU-8 (1) Guidance: Synchronization of system clocks improves the accuracy of log analysis.
</p>
				</part>
			</add>
		</alter>
		<set-param param-id="au-8.1_prm_1">
			<value>At least hourly</value>
		</set-param>
		<set-param param-id="au-8.1_prm_2">
			<value>http://tfnistgov/tf-cgi/serverscgi</value>
		</set-param>
		<!-- - - AU-9 - -  -->
		<!-- - - AU-9 (2) - -  -->
		<set-param param-id="au-9.2_prm_1">
			<value>at least weekly</value>
		</set-param>
		<!-- - - AU-9 (4) - -  -->
		<!-- - - AU-11 - -  -->
		<alter control-id="au-11" altered-by="http://fedramp.gov/ns/oscal-extension/1.0">
			<add>
				<part class="guidance" required-by="fedramp">
					<p>AU-11. Requirement: The service provider retains audit records on-line for at least ninety days and further preserves audit records off-line for a period that is in accordance with NARA requirements.</p>
				</part>
			</add>
		</alter>
		<set-param param-id="au-11_prm_1">
			<value>at least ninety days</value>
		</set-param>
		<!-- - - AU-12 - -  -->
		<set-param param-id="au-12_prm_1">
			<value>all information system and network components where audit capability is deployed/available</value>
		</set-param>
		<set-param param-id="au-12_prm_2">
			<value>all information system and network components where audit capability is deployed/available</value>
		</set-param>
		<!-- - - CA-1 - -  -->
		<set-param param-id="ca-1_prm_3">
			<value>at least annually</value>
		</set-param>
		<set-param param-id="ca-1_prm_2">
			<value>at least every 3 years</value>
		</set-param>
		<!-- - - CA-2 - -  -->
		<set-param param-id="ca-2_prm_1">
			<value>at least annually</value>
		</set-param>
		<set-param param-id="ca-2_prm_2">
			<value>individuals or roles to include FedRAMP PMO</value>
		</set-param>
		<!-- - - CA-2 (1) - -  -->
		<alter subcontrol-id="ca-2.1" altered-by="http://fedramp.gov/ns/oscal-extension/1.0">
			<add>
				<part class="guidance" required-by="fedramp">
					<p>CA-2(1) Requirement: Must use an accredited 3PAO for JAB authorization</p>
				</part>
			</add>
		</alter>
		<!-- - - CA-2 (2) - -  -->
		<alter subcontrol-id="ca-2.2" altered-by="http://fedramp.gov/ns/oscal-extension/1.0">
			<add>
				<part class="guidance" required-by="fedramp">
					<p>CA-2 (2) Requirement: To include 'announced', 'vulnerability scanning'
</p>
				</part>
			</add>
		</alter>
		<set-param param-id="ca-2.2_prm_1">
			<value>at least annually</value>
		</set-param>
		<!-- - - CA-2 (3) - -  -->
		<set-param param-id="ca-2.3_prm_1">
			<value>any FedRAMP Accredited 3PAO</value>
		</set-param>
		<set-param param-id="ca-2.3_prm_2">
			<value>any FedRAMP Accredited 3PAO</value>
		</set-param>
		<set-param param-id="ca-2.3_prm_3">
			<value>the conditions of a Authorizing Official in the FedRAMP Repository</value>
		</set-param>
		<!-- - - CA-3 - -  -->
		<set-param param-id="ca-3_prm_1">
			<value>at least annually and on input from FedRAMP</value>
		</set-param>
		<!-- - - CA-3 (3) - -  -->
		<alter subcontrol-id="ca-3.3" altered-by="http://fedramp.gov/ns/oscal-extension/1.0">
			<add>
				<part class="guidance" required-by="fedramp">
					<p>CA-3(3) Guidance: Refer to Appendix H - Cloud Considerations of the TIC 2.0 Reference Architecture document.</p>
				</part>
			</add>
		</alter>
		<set-param param-id="ca-3.3_prm_2">
			<value>Boundary Protections which meet the Trusted Internet Connection (TIC) requirements</value>
		</set-param>
		<!-- - - CA-3 (5) - -  -->
		<alter subcontrol-id="ca-3.5" altered-by="http://fedramp.gov/ns/oscal-extension/1.0">
			<add>
				<part class="guidance" required-by="fedramp">
					<p>CA-3 (5) For JAB Authorization, CSPs shall include details of this control in their Architecture Briefing
</p>
				</part>
			</add>
		</alter>
		<!-- - - CA-5 - -  -->
		<alter control-id="ca-5" altered-by="http://fedramp.gov/ns/oscal-extension/1.0">
			<add>
				<part class="guidance" required-by="fedramp">
					<p>CA-5 Guidance: Requirement: POA&amp;Ms must be provided at least monthly.</p>
				</part>
			</add>
		</alter>
		<set-param param-id="ca-5_prm_1">
			<value>at least monthly</value>
		</set-param>
		<!-- - - CA-6 - -  -->
		<alter control-id="ca-6" altered-by="http://fedramp.gov/ns/oscal-extension/1.0">
			<add>
				<part class="guidance" required-by="fedramp">
					<p>CA-6c. Guidance: Significant change is defined in NIST Special Publication 800-37 Revision 1, Appendix F. The service provider describes the types of changes to the information system or the environment of operations that would impact the risk posture. The types of changes are approved and accepted by the JAB/AO.</p>
				</part>
			</add>
		</alter>
		<set-param param-id="ca-6_prm_1">
			<value>at least every three years or when a significant change occurs</value>
		</set-param>
		<!-- - - CA-7 - -  -->
		<alter control-id="ca-7" altered-by="http://fedramp.gov/ns/oscal-extension/1.0">
			<add>
				<part class="guidance" required-by="fedramp">
					<p>CA-7 Requirement: Operating System Scans: at least monthly Database and Web Application Scans: at least monthly All scans performed by Independent Assessor: at least annually
CA-7 Guidance: CSPs must provide evidence of closure and remediation of high vulnerabilities within the timeframe for standard POA&amp;M updates.
Operating System Scans: at least monthly 
Database and Web Application Scans: at least monthly 
All scans performed by Independent Assessor: at least annually</p>
				</part>
			</add>
		</alter>
		<set-param param-id="ca-7_prm_4">
			<value>to meet Federal and FedRAMP requirements (See additional guidance)</value>
		</set-param>
		<set-param param-id="ca-7_prm_5">
			<value>to meet Federal and FedRAMP requirements (See additional guidance)</value>
		</set-param>
		<!-- - - CA-7 (1) - -  -->
		<!-- - - CA-8 - -  -->
		<set-param param-id="ca-8_prm_1">
			<value>at least annually</value>
		</set-param>
		<set-param param-id="ca-8_prm_2">
			<value>at least annually</value>
		</set-param>
		<!-- - - CA-8 (1) - -  -->
		<!-- - - CA-9 - -  -->
		<!-- - - CM-1 - -  -->
		<set-param param-id="cm-1_prm_3">
			<value>at least annually</value>
		</set-param>
		<set-param param-id="cm-1_prm_2">
			<value>at least every 3 years</value>
		</set-param>
		<!-- - - CM-2 - -  -->
		<!-- - - CM-2 (1) - -  -->
		<set-param param-id="cm-2.1_prm_1">
			<value>at least annually or when a significant change occurs</value>
		</set-param>
		<set-param param-id="cm-2.1_prm_2">
			<value>to include when directed by the JAB</value>
		</set-param>
		<!-- - - CM-2 (2) - -  -->
		<!-- - - CM-2 (3) - -  -->
		<!-- - - CM-2 (7) - -  -->
		<!-- - - CM-3 - -  -->
		<alter control-id="cm-3" altered-by="http://fedramp.gov/ns/oscal-extension/1.0">
			<add>
				<part class="guidance" required-by="fedramp">
					<p>CM-3 Requirement: The service provider establishes a central means of communicating major changes to or developments in the information system or environment of operations that may affect its services to the federal government and associated service consumers (e.g., electronic bulletin board, web status page). The means of communication are approved and accepted by the JAB/AO.

CM-3e Guidance: In accordance with record retention policies and procedures.</p>
				</part>
			</add>
		</alter>
		<!-- - - CM-4 - -  -->
		<!-- - - CM-5 - -  -->
		<!-- - - CM-5 (1) - -  -->
		<!-- - - CM-5 (3) - -  -->
		<alter subcontrol-id="cm-5.3" altered-by="http://fedramp.gov/ns/oscal-extension/1.0">
			<add>
				<part class="guidance" required-by="fedramp">
					<p>CM-5 (3) Guidance: If digital signatures/certificates are unavailable, alternative cryptographic integrity checks (hashes, self-signed certs, etc.) can be utilized.</p>
				</part>
			</add>
		</alter>
		<!-- - - CM-5 (5) - -  -->
		<set-param param-id="cm-5.5_prm_1">
			<value>at least quarterly</value>
		</set-param>
		<!-- - - CM-6 - -  -->
		<alter control-id="cm-6" altered-by="http://fedramp.gov/ns/oscal-extension/1.0">
			<add>
				<part class="guidance" required-by="fedramp">
					<p>CM-6 (a) Requirement 1: The service provider shall use the Center for Internet Security guidelines (Level 1) to establish configuration settings or establishes its own configuration settings if USGCB is not available.
CM-6 (a) Requirement 2: The service provider shall ensure that checklists for configuration settings are Security Content Automation Protocol (SCAP) validated or SCAP compatible (if validated checklists are not available).
CM-6 (a) Guidance: Information on the USGCB checklists can be found at: http://usgcb.nist.gov/usgcb_faq.html#usgcbfaq_usgcbfdcc</p>
				</part>
			</add>
		</alter>
		<set-param param-id="cm-6_prm_1">
			<value>United States Government Configuration Baseline (USGCB)</value>
		</set-param>
		<!-- - - CM-6 (1) - -  -->
		<!-- - - CM-7 - -  -->
		<alter control-id="cm-7" altered-by="http://fedramp.gov/ns/oscal-extension/1.0">
			<add>
				<part class="guidance" required-by="fedramp">
					<p>CM-7 (b) Requirement: The service provider shall use the Center for Internet Security guidelines (Level 1) to establish list of prohibited or restricted functions, ports, protocols, and/or services or establishes its own list of prohibited or restricted functions, ports, protocols, and/or services if USGCB is not available.
CM-7. Guidance: Information on the USGCB checklists can be found at: http://usgcb.nist.gov/usgcb_faq.html#usgcbfaq_usgcbfdcc.
(Partially derived from AC-17(8).)</p>
				</part>
			</add>
		</alter>
		<set-param param-id="cm-7_prm_1">
			<value>United States Government Configuration Baseline (USGCB)</value>
		</set-param>
		<!-- - - CM-7 (1) - -  -->
		<set-param param-id="cm-7.1_prm_1">
			<value>at least monthly</value>
		</set-param>
		<!-- - - CM-7 (2) - -  -->
		<alter subcontrol-id="cm-7.2" altered-by="http://fedramp.gov/ns/oscal-extension/1.0">
			<add>
				<part class="guidance" required-by="fedramp">
					<p>CM-7(2) Guidance: This control shall be implemented in a technical manner on the information system to only allow programs to run that adhere to the policy (i.e. white listing). This control is not to be based off of strictly written policy on what is allowed or not allowed to run.</p>
				</part>
			</add>
		</alter>
		<!-- - - CM-7 (5) - -  -->
		<set-param param-id="cm-7.5_prm_2">
			<value>at least Annually or when there is a change</value>
		</set-param>
		<!-- - - CM-8 - -  -->
		<alter control-id="cm-8" altered-by="http://fedramp.gov/ns/oscal-extension/1.0">
			<add>
				<part class="guidance" required-by="fedramp">
					<p>CM-8 Requirement: must be provided at least monthly or when there is a change.</p>
				</part>
			</add>
		</alter>
		<set-param param-id="cm-8_prm_2">
			<value>at least monthly</value>
		</set-param>
		<!-- - - CM-8 (1) - -  -->
		<!-- - - CM-8 (3) - -  -->
		<set-param param-id="cm-8.3_prm_1">
			<value>Continuously, using automated mechanisms with a maximum five-minute delay in detection</value>
		</set-param>
		<!-- - - CM-8 (5) - -  -->
		<!-- - - CM-9 - -  -->
		<!-- - - CM-10 - -  -->
		<!-- - - CM-10 (1) - -  -->
		<!-- - - CM-11 - -  -->
		<set-param param-id="cm-11_prm_3">
			<value>Continuously (via CM-7 (5))</value>
		</set-param>
		<!-- - - CP-1 - -  -->
		<set-param param-id="cp-1_prm_3">
			<value>at least annually</value>
		</set-param>
		<set-param param-id="cp-1_prm_2">
			<value>at least every 3 years</value>
		</set-param>
		<!-- - - CP-2 - -  -->
		<alter control-id="cp-2" altered-by="http://fedramp.gov/ns/oscal-extension/1.0">
			<add>
				<part class="guidance" required-by="fedramp">
					<p>CP-2 Requirement: For JAB authorizations the contingency lists include designated FedRAMP personnel.</p>
				</part>
			</add>
		</alter>
		<set-param param-id="cp-2_prm_3">
			<value>at least annually</value>
		</set-param>
		<!-- - - CP-2 (1) - -  -->
		<!-- - - CP-2 (2) - -  -->
		<!-- - - CP-2 (3) - -  -->
		<!-- - - CP-2 (8) - -  -->
		<!-- - - CP-3 - -  -->
		<set-param param-id="cp-3_prm_2">
			<value>at least annually</value>
		</set-param>
		<set-param param-id="cp-3_prm_1">
			<value>ten (10) days</value>
		</set-param>
		<!-- - - CP-4 - -  -->
		<alter control-id="cp-4" altered-by="http://fedramp.gov/ns/oscal-extension/1.0">
			<add>
				<part class="guidance" required-by="fedramp">
					<p>CP-4 (a). Requirement: The service provider develops test plans in accordance with NIST Special Publication 800-34 (as amended); plans are approved by the JAB/AO prior to initiating testing.</p>
				</part>
			</add>
		</alter>
		<set-param param-id="cp-4_prm_1">
			<value>at least annually</value>
		</set-param>
		<set-param param-id="cp-4_prm_2">
			<value>functional exercises</value>
		</set-param>
		<!-- - - CP-4 (1) - -  -->
		<!-- - - CP-6 - -  -->
		<!-- - - CP-6 (1) - -  -->
		<!-- - - CP-6 (3) - -  -->
		<!-- - - CP-7 - -  -->
		<alter control-id="cp-7" altered-by="http://fedramp.gov/ns/oscal-extension/1.0">
			<add>
				<part class="guidance" required-by="fedramp">
					<p>CP-7 (a). Requirement: The service provider defines a time period consistent with the recovery time objectives and business impact analysis.
</p>
				</part>
			</add>
		</alter>
		<!-- - - CP-7 (1) - -  -->
		<alter subcontrol-id="cp-7.1" altered-by="http://fedramp.gov/ns/oscal-extension/1.0">
			<add>
				<part class="guidance" required-by="fedramp">
					<p>CP-7 (1) Guidance: The service provider may determine what is considered a sufficient degree of separation between the primary and alternate processing sites, based on the types of threats that are of concern. For one particular type of threat (i.e., hostile cyber attack), the degree of separation between sites will be less relevant.</p>
				</part>
			</add>
		</alter>
		<!-- - - CP-7 (2) - -  -->
		<!-- - - CP-7 (3) - -  -->
		<!-- - - CP-8 - -  -->
		<alter control-id="cp-8" altered-by="http://fedramp.gov/ns/oscal-extension/1.0">
			<add>
				<part class="guidance" required-by="fedramp">
					<p>CP-8 Requirement: The service provider defines a time period consistent with the recovery time objectives and business impact analysis.
</p>
				</part>
			</add>
		</alter>
		<!-- - - CP-8 (1) - -  -->
		<!-- - - CP-8 (2) - -  -->
		<!-- - - CP-9 - -  -->
		<alter control-id="cp-9" altered-by="http://fedramp.gov/ns/oscal-extension/1.0">
			<add>
				<part class="guidance" required-by="fedramp">
					<p>CP-9 Requirement: The service provider shall determine what elements of the cloud environment require the Information System Backup control. The service provider shall determine how Information System Backup is going to be verified and appropriate periodicity of the check.
CP-9 (a) Requirement: The service provider maintains at least three backup copies of user-level information (at least one of which is available online) or provides an equivalent alternative.
CP-9 (b) Requirement: The service provider maintains at least three backup copies of system-level information (at least one of which is available online) or provides an equivalent alternative.
CP-9 (c) Requirement: The service provider maintains at least three backup copies of information system documentation including security information (at least one of which is available online) or provides an equivalent alternative.</p>
				</part>
			</add>
		</alter>
		<set-param param-id="cp-9_prm_1">
			<value>daily incremental; weekly full</value>
		</set-param>
		<set-param param-id="cp-9_prm_2">
			<value>daily incremental; weekly full</value>
		</set-param>
		<set-param param-id="cp-9_prm_3">
			<value>daily incremental; weekly full</value>
		</set-param>
		<!-- - - CP-9 (1) - -  -->
		<set-param param-id="cp-9.1_prm_1">
			<value>at least annually</value>
		</set-param>
		<!-- - - CP-9 (3) - -  -->
		<!-- - - CP-10 - -  -->
		<!-- - - CP-10 (2) - -  -->
		<!-- - - IA-1 - -  -->
		<set-param param-id="ia-1_prm_3">
			<value>at least annually</value>
		</set-param>
		<set-param param-id="ia-1_prm_2">
			<value>at least every 3 years</value>
		</set-param>
		<!-- - - IA-2 - -  -->
		<!-- - - IA-2 (1) - -  -->
		<!-- - - IA-2 (2) - -  -->
		<!-- - - IA-2 (3) - -  -->
		<!-- - - IA-2 (5) - -  -->
		<!-- - - IA-2 (8) - -  -->
		<!-- - - IA-2 (11) - -  -->
		<alter subcontrol-id="ia-2.11" altered-by="http://fedramp.gov/ns/oscal-extension/1.0">
			<add>
				<part class="guidance" required-by="fedramp">
					<p>IA-2 (11) Guidance: PIV=separate device. Please refer to NIST SP 800-157 Guidelines for Derived Personal Identity Verification (PIV) Credentials.</p>
				</part>
			</add>
		</alter>
		<set-param param-id="ia-2.11_prm_1">
			<value>FIPS 140-2, NIAP Certification, or NSA approval</value>
		</set-param>
		<!-- - - IA-2 (12) - -  -->
		<alter subcontrol-id="ia-2.12" altered-by="http://fedramp.gov/ns/oscal-extension/1.0">
			<add>
				<part class="guidance" required-by="fedramp">
					<p>IA-2 (12) Guidance: Include Common Access Card (CAC), i.e., the DoD technical implementation of PIV/FIPS 201/HSPD-12.
</p>
				</part>
			</add>
		</alter>
		<!-- - - IA-3 - -  -->
		<!-- - - IA-4 - -  -->
		<alter control-id="ia-4" altered-by="http://fedramp.gov/ns/oscal-extension/1.0">
			<add>
				<part class="guidance" required-by="fedramp">
					<p>IA-4 (e) Requirement: The service provider defines time period of inactivity for device identifiers.
Guidance: For DoD clouds, see DoD cloud website for specific DoD requirements that go above and beyond FedRAMP http://iase.disa.mil/cloud_security/Pages/index.aspx.</p>
				</part>
			</add>
		</alter>
		<set-param param-id="ia-4_prm_2">
			<value>IA-4 (d) [at least two years]</value>
		</set-param>
		<set-param param-id="ia-4_prm_3">
			<value>ninety days for user identifiers (See additional requirements and guidance)</value>
		</set-param>
		<!-- - - IA-4 (4) - -  -->
		<set-param param-id="ia-4.4_prm_1">
			<value>contractors; foreign nationals</value>
		</set-param>
		<!-- - - IA-5 - -  -->
		<set-param param-id="ia-5_prm_1">
			<value>to include sixty (60) days for passwords</value>
		</set-param>
		<!-- - - IA-5 (1) - -  -->
		<set-param param-id="ia-5.1_prm_1">
			<value>case sensitive, minimum of twelve characters, and at least one each of upper-case letters, lower-case letters, numbers, and special characters</value>
		</set-param>
		<set-param param-id="ia-5.1_prm_2">
			<value>case sensitive, minimum of twelve characters, and at least one IA-5 (1) (b) [at least one</value>
		</set-param>
		<set-param param-id="ia-5.1_prm_3">
			<value>one day minimum, sixty day maximum</value>
		</set-param>
		<set-param param-id="ia-5.1_prm_4">
			<value>twenty four</value>
		</set-param>
		<!-- - - IA-5 (2) - -  -->
		<!-- - - IA-5 (3) - -  -->
		<set-param param-id="ia-5.3_prm_1">
			<value>All hardware/biometric (multifactor authenticators)</value>
		</set-param>
		<set-param param-id="ia-5.3_prm_2">
			<value>in person</value>
		</set-param>
		<!-- - - IA-5 (4) - -  -->
		<alter subcontrol-id="ia-5.4" altered-by="http://fedramp.gov/ns/oscal-extension/1.0">
			<add>
				<part class="guidance" required-by="fedramp">
					<p>IA-5 (4) Additional FedRAMP Requirements and Guidance: Guidance: If automated mechanisms which enforce password authenticator strength at creation are not used, automated mechanisms must be used to audit strength of created password authenticators.
</p>
				</part>
			</add>
		</alter>
		<!-- - - IA-5 (6) - -  -->
		<!-- - - IA-5 (7) - -  -->
		<!-- - - IA-5 (11) - -  -->
		<!-- - - IA-6 - -  -->
		<!-- - - IA-7 - -  -->
		<!-- - - IA-8 - -  -->
		<!-- - - IA-8 (1) - -  -->
		<!-- - - IA-8 (2) - -  -->
		<!-- - - IA-8 (3) - -  -->
		<!-- - - IA-8 (4) - -  -->
		<!-- - - IR-1 - -  -->
		<set-param param-id="ir-1_prm_3">
			<value>at least annually</value>
		</set-param>
		<set-param param-id="ir-1_prm_2">
			<value>at least every 3 years</value>
		</set-param>
		<!-- - - IR-2 - -  -->
		<set-param param-id="ir-2_prm_2">
			<value>at least annually</value>
		</set-param>
		<!-- - - IR-3 - -  -->
		<alter control-id="ir-3" altered-by="http://fedramp.gov/ns/oscal-extension/1.0">
			<add>
				<part class="guidance" required-by="fedramp">
					<p>IR-3-2 Requirement 1: The service provider defines tests and/or exercises in accordance with NIST Special Publication 800-61 (as amended).
IR-3-2 Requirement 2: For JAB Authorization, the service provider provides test plans to the JAB/AO annually.
IR-3-2 Requirement 3: Test plans are approved and accepted by the Authorizing Official (AO) prior to test commencing.</p>
				</part>
			</add>
		</alter>
		<set-param param-id="ir-3_prm_1">
			<value>at least annually</value>
		</set-param>
		<set-param param-id="ir-3_prm_2">
			<value>see additional FedRAMP Requirements and Guidance</value>
		</set-param>
		<!-- - - IR-3 (2) - -  -->
		<!-- - - IR-4 - -  -->
		<alter control-id="ir-4" altered-by="http://fedramp.gov/ns/oscal-extension/1.0">
			<add>
				<part class="guidance" required-by="fedramp">
					<p>IR-4 Requirement: The service provider ensures that individuals conducting incident handling meet personnel security requirements commensurate with the criticality/sensitivity of the information being processed, stored, and transmitted by the information system.
</p>
				</part>
			</add>
		</alter>
		<!-- - - IR-4 (1) - -  -->
		<!-- - - IR-5 - -  -->
		<!-- - - IR-6 - -  -->
		<alter control-id="ir-6" altered-by="http://fedramp.gov/ns/oscal-extension/1.0">
			<add>
				<part class="guidance" required-by="fedramp">
					<p>IR-6 Requirement: Reports security incident information according to FedRAMP Incident Communications Procedure.</p>
				</part>
			</add>
		</alter>
		<set-param param-id="ir-6_prm_1">
			<value>US-CERT incident reporting timelines as specified in NIST Special Publication 800-61 (as amended)</value>
		</set-param>
		<!-- - - IR-6 (1) - -  -->
		<!-- - - IR-7 - -  -->
		<!-- - - IR-7 (1) - -  -->
		<!-- - - IR-7 (2) - -  -->
		<!-- - - IR-8 - -  -->
		<alter control-id="ir-8" altered-by="http://fedramp.gov/ns/oscal-extension/1.0">
			<add>
				<part class="guidance" required-by="fedramp">
					<p>IR-8 (b) Additional FedRAMP Requirements and Guidance: The service provider defines a list of incident response personnel (identified by name and/or by role) and organizational elements. The incident response list includes designated FedRAMP personnel.
IR-8 (e) Additional FedRAMP Requirements and Guidance: The service provider defines a list of incident response personnel (identified by name and/or by role) and organizational elements. The incident response list includes designated FedRAMP personnel.</p>
				</part>
			</add>
		</alter>
		<set-param param-id="ir-8_prm_3">
			<value>at least annually</value>
		</set-param>
		<set-param param-id="ir-8_prm_2">
			<value>see additional FedRAMP Requirements and Guidance</value>
		</set-param>
		<set-param param-id="ir-8_prm_4">
			<value>see additional FedRAMP Requirements and Guidance</value>
		</set-param>
		<!-- - - IR-9 - -  -->
		<!-- - - IR-9 (1) - -  -->
		<!-- - - IR-9 (2) - -  -->
		<!-- - - IR-9 (3) - -  -->
		<!-- - - IR-9 (4) - -  -->
		<!-- - - MA-1 - -  -->
		<set-param param-id="ma-1_prm_3">
			<value>at least annually</value>
		</set-param>
		<set-param param-id="ma-1_prm_2">
			<value>at least every 3 years</value>
		</set-param>
		<!-- - - MA-2 - -  -->
		<!-- - - MA-3 - -  -->
		<!-- - - MA-3 (1) - -  -->
		<!-- - - MA-3 (2) - -  -->
		<!-- - - MA-3 (3) - -  -->
		<set-param param-id="ma-3.3_prm_1">
			<value>the information owner explicitly authorizing removal of the equipment from the facility</value>
		</set-param>
		<!-- - - MA-4 - -  -->
		<!-- - - MA-4 (2) - -  -->
		<!-- - - MA-5 - -  -->
		<!-- - - MA-5 (1) - -  -->
		<alter subcontrol-id="ma-5.1" altered-by="http://fedramp.gov/ns/oscal-extension/1.0">
			<add>
				<part class="guidance" required-by="fedramp">
					<p>MA-5 (1) Requirement: Only MA-5 (1)(a)(1) is required by FedRAMP Moderate Baseline
</p>
				</part>
			</add>
		</alter>
		<!-- - - MA-6 - -  -->
		<!-- - - MP-1 - -  -->
		<set-param param-id="mp-1_prm_3">
			<value>at least annually</value>
		</set-param>
		<set-param param-id="mp-1_prm_2">
			<value>at least every 3 years</value>
		</set-param>
		<!-- - - MP-2 - -  -->
		<!-- - - MP-3 - -  -->
		<alter control-id="mp-3" altered-by="http://fedramp.gov/ns/oscal-extension/1.0">
			<add>
				<part class="guidance" required-by="fedramp">
					<p>MP-3 (b) Guidance: Second parameter not-applicable</p>
				</part>
			</add>
		</alter>
		<set-param param-id="mp-3_prm_1">
			<value>no removable media types</value>
		</set-param>
		<!-- - - MP-4 - -  -->
		<alter control-id="mp-4" altered-by="http://fedramp.gov/ns/oscal-extension/1.0">
			<add>
				<part class="guidance" required-by="fedramp">
					<p>MP-4 (a) Additional FedRAMP Requirements and Guidance: Requirement: The service provider defines controlled areas within facilities where the information and information system reside.</p>
				</part>
			</add>
		</alter>
		<set-param param-id="mp-4_prm_1">
			<value>all types of digital and non-digital media with sensitive information</value>
		</set-param>
		<set-param param-id="mp-4_prm_2">
			<value>FedRAMP Assignment: see additional FedRAMP requirements and guidance</value>
		</set-param>
		<!-- - - MP-5 - -  -->
		<alter control-id="mp-5" altered-by="http://fedramp.gov/ns/oscal-extension/1.0">
			<add>
				<part class="guidance" required-by="fedramp">
					<p>MP-5 (a) Additional FedRAMP Requirements and Guidance: 
Requirement: The service provider defines security measures to protect digital and non-digital media in transport.  The security measures are approved and accepted by the JAB.</p>
				</part>
			</add>
		</alter>
		<set-param param-id="mp-5_prm_1">
			<value>all media with sensitive information</value>
		</set-param>
		<set-param param-id="mp-5_prm_2">
			<value>prior to leaving secure/controlled environment: for digital media, encryption using a FIPS 140-2 validated encryption module; for non-digitital media, secured in locked container</value>
		</set-param>
		<!-- - - MP-5 (4) - -  -->
		<!-- - - MP-6 - -  -->
		<!-- - - MP-6 (2) - -  -->
		<alter subcontrol-id="mp-6.2" altered-by="http://fedramp.gov/ns/oscal-extension/1.0">
			<add>
				<part class="guidance" required-by="fedramp">
					<p>MP-6 (2) Guidance: Equipment and procedures may be tested or validated for effectiveness</p>
				</part>
			</add>
		</alter>
		<set-param param-id="mp-6.2_prm_1">
			<value>At least annually</value>
		</set-param>
		<!-- - - MP-7 - -  -->
		<!-- - - MP-7 (1) - -  -->
		<!-- - - PE-1 - -  -->
		<set-param param-id="pe-1_prm_3">
			<value>at least annually</value>
		</set-param>
		<set-param param-id="pe-1_prm_2">
			<value>at least every 3 years</value>
		</set-param>
		<!-- - - PE-2 - -  -->
		<set-param param-id="pe-2_prm_1">
			<value>at least annually</value>
		</set-param>
		<!-- - - PE-3 - -  -->
		<set-param param-id="pe-3_prm_8">
			<value>at least annually</value>
		</set-param>
		<set-param param-id="pe-3_prm_9">
			<value>at least annually</value>
		</set-param>
		<set-param param-id="pe-3_prm_3">
			<value>CSP defined physical access control systems/devices</value>
		</set-param>
		<set-param param-id="pe-3_prm_2">
			<value>CSP defined physical access control systems/devices AND guards</value>
		</set-param>
		<set-param param-id="pe-3_prm_6">
			<value>in all circumstances within restricted access area where the information system resides</value>
		</set-param>
		<!-- - - PE-4 - -  -->
		<!-- - - PE-5 - -  -->
		<!-- - - PE-6 - -  -->
		<set-param param-id="pe-6_prm_1">
			<value>at least monthly</value>
		</set-param>
		<!-- - - PE-6 (1) - -  -->
		<!-- - - PE-8 - -  -->
		<set-param param-id="pe-8_prm_2">
			<value>at least monthly</value>
		</set-param>
		<set-param param-id="pe-8_prm_1">
			<value>for a minimum of one (1) year</value>
		</set-param>
		<!-- - - PE-9 - -  -->
		<!-- - - PE-10 - -  -->
		<!-- - - PE-11 - -  -->
		<!-- - - PE-12 - -  -->
		<!-- - - PE-13 - -  -->
		<!-- - - PE-13 (2) - -  -->
		<!-- - - PE-13 (3) - -  -->
		<!-- - - PE-14 - -  -->
		<alter control-id="pe-14" altered-by="http://fedramp.gov/ns/oscal-extension/1.0">
			<add>
				<part class="guidance" required-by="fedramp">
					<p>PE-14 (a). Requirements:  The service provider measures temperature at server inlets and humidity levels by dew point.</p>
				</part>
			</add>
		</alter>
		<set-param param-id="pe-14_prm_1">
			<value>consistent with American Society of Heating, Refrigerating and Air-conditioning Engineers (ASHRAE) document entitled Thermal Guidelines for Data Processing Environments</value>
		</set-param>
		<set-param param-id="pe-14_prm_2">
			<value>continuously</value>
		</set-param>
		<!-- - - PE-14 (2) - -  -->
		<!-- - - PE-15 - -  -->
		<!-- - - PE-16 - -  -->
		<set-param param-id="pe-16_prm_1">
			<value>all information system components</value>
		</set-param>
		<!-- - - PE-17 - -  -->
		<!-- - - PL-1 - -  -->
		<set-param param-id="pl-1_prm_3">
			<value>at least annually</value>
		</set-param>
		<set-param param-id="pl-1_prm_2">
			<value>at least every 3 years</value>
		</set-param>
		<!-- - - PL-2 - -  -->
		<set-param param-id="pl-2_prm_2">
			<value>at least annually</value>
		</set-param>
		<!-- - - PL-2 (3) - -  -->
		<!-- - - PL-4 - -  -->
		<set-param param-id="pl-4_prm_1">
			<value>At least every 3 years</value>
		</set-param>
		<!-- - - PL-4 (1) - -  -->
		<!-- - - PL-8 - -  -->
		<alter control-id="pl-8" altered-by="http://fedramp.gov/ns/oscal-extension/1.0">
			<add>
				<part class="guidance" required-by="fedramp">
					<p>PL-8 (b) Guidance: Significant change is defined in NIST Special Publication 800-37 Revision 1, Appendix F, page F-7.</p>
				</part>
			</add>
		</alter>
		<set-param param-id="pl-8_prm_1">
			<value>At least annually or when a significant change occurs</value>
		</set-param>
		<!-- - - PS-1 - -  -->
		<set-param param-id="ps-1_prm_3">
			<value>at least annually</value>
		</set-param>
		<set-param param-id="ps-1_prm_2">
			<value>at least every 3 years</value>
		</set-param>
		<!-- - - PS-2 - -  -->
		<set-param param-id="ps-2_prm_1">
			<value>at least every three years</value>
		</set-param>
		<!-- - - PS-3 - -  -->
		<set-param param-id="ps-3_prm_1">
			<value>for national security clearances; a reinvestigation is required during the fifth (5th) year for top secret security clearance, the tenth (10th) year for secret security clearance, and fifteenth (15th) year for confidential security clearance.
For moderate risk law enforcement and high impact public trust level, a reinvestigation is required during the fifth (5th) year. There is no reinvestigation for other moderate risk positions or any low risk positions</value>
		</set-param>
		<!-- - - PS-3 (3) - -  -->
		<set-param param-id="ps-3.3_prm_1">
			<value>personnel screening criteria - as required by specific information</value>
		</set-param>
		<!-- - - PS-4 - -  -->
		<set-param param-id="ps-4_prm_1">
			<value>same day</value>
		</set-param>
		<!-- - - PS-5 - -  -->
		<set-param param-id="ps-5_prm_4">
			<value>five days of the time period following the formal transfer action (DoD 24 hours)</value>
		</set-param>
		<!-- - - PS-6 - -  -->
		<set-param param-id="ps-6_prm_1">
			<value>at least annually</value>
		</set-param>
		<set-param param-id="ps-6_prm_2">
			<value>at least annually</value>
		</set-param>
		<!-- - - PS-7 - -  -->
		<set-param param-id="ps-7_prm_2">
			<value>organization-defined time period - same day</value>
		</set-param>
		<!-- - - PS-8 - -  -->
		<!-- - - RA-1 - -  -->
		<set-param param-id="ra-1_prm_3">
			<value>at least annually</value>
		</set-param>
		<set-param param-id="ra-1_prm_2">
			<value>at least every 3 years</value>
		</set-param>
		<!-- - - RA-2 - -  -->
		<!-- - - RA-3 - -  -->
		<alter control-id="ra-3" altered-by="http://fedramp.gov/ns/oscal-extension/1.0">
			<add>
				<part class="guidance" required-by="fedramp">
					<p>RA-3 Guidance: Significant change is defined in NIST Special Publication 800-37 Revision 1, Appendix F.
RA-3 (d) Requirement: Include all Authoring Officials and FedRAMP ISSOs.
</p>
				</part>
			</add>
		</alter>
		<set-param param-id="ra-3_prm_3">
			<value>at least every three (3) years or when a significant change occurs</value>
		</set-param>
		<set-param param-id="ra-3_prm_5">
			<value>at least every three (3) years or when a significant change occurs</value>
		</set-param>
		<set-param param-id="ra-3_prm_2">
			<value>security assessment report</value>
		</set-param>
		<!-- - - RA-5 - -  -->
		<alter control-id="ra-5" altered-by="http://fedramp.gov/ns/oscal-extension/1.0">
			<add>
				<part class="guidance" required-by="fedramp">
					<p>RA-5 (a) Requirement: an accredited independent assessor scans operating systems/infrastructure, web applications, and databases once annually.
RA-5 (e) Requirement: to include the Risk Executive; for JAB authorizations to include FedRAMP
</p>
				</part>
			</add>
		</alter>
		<set-param param-id="ra-5_prm_2">
			<value>high-risk vulnerabilities mitigated within thirty days from date of discovery; moderate-risk vulnerabilities mitigated within ninety days from date of discovery</value>
		</set-param>
		<set-param param-id="ra-5_prm_1">
			<value>monthly operating system/infrastructure; monthly web applications and database</value>
		</set-param>
		<!-- - - RA-5 (1) - -  -->
		<!-- - - RA-5 (2) - -  -->
		<set-param param-id="ra-5.2_prm_1">
			<value>prior to a new scan</value>
		</set-param>
		<!-- - - RA-5 (3) - -  -->
		<!-- - - RA-5 (5) - -  -->
		<set-param param-id="ra-5.5_prm_2">
			<value>all scans</value>
		</set-param>
		<set-param param-id="ra-5.5_prm_1">
			<value>operating systems / web applications / databases</value>
		</set-param>
		<!-- - - RA-5 (6) - -  -->
		<alter subcontrol-id="ra-5.6" altered-by="http://fedramp.gov/ns/oscal-extension/1.0">
			<add>
				<part class="guidance" required-by="fedramp">
					<p>RA-5 (6) Guidance: include in Continuous Monitoring ISSO digest/report to JAB/AO</p>
				</part>
			</add>
		</alter>
		<!-- - - RA-5 (8) - -  -->
		<alter subcontrol-id="ra-5.8" altered-by="http://fedramp.gov/ns/oscal-extension/1.0">
			<add>
				<part class="guidance" required-by="fedramp">
					<p>RA-5 (8) Requirements: This enhancement is required for all high vulnerability scan findings. Guidance: While scanning tools may label findings as high or critical, the intent of the control is based around NIST's definition of high vulnerability.</p>
				</part>
			</add>
		</alter>
		<!-- - - SA-1 - -  -->
		<set-param param-id="sa-1_prm_3">
			<value>at least annually</value>
		</set-param>
		<set-param param-id="sa-1_prm_2">
			<value>at least every 3 years</value>
		</set-param>
		<!-- - - SA-2 - -  -->
		<!-- - - SA-3 - -  -->
		<!-- - - SA-4 - -  -->
		<alter control-id="sa-4" altered-by="http://fedramp.gov/ns/oscal-extension/1.0">
			<add>
				<part class="guidance" required-by="fedramp">
					<p>SA-4 Guidance: The use of Common Criteria (ISO/IEC 15408) evaluated products is strongly preferred.
See http://www.niap-ccevs.org/vpl or http://www.commoncriteriaportal.org/products.html.</p>
				</part>
			</add>
		</alter>
		<!-- - - SA-4 (1) - -  -->
		<!-- - - SA-4 (2) - -  -->
		<set-param param-id="sa-4.2_prm_1">
			<value>to include security-relevant external system interfaces and high-level design</value>
		</set-param>
		<!-- - - SA-4 (8) - -  -->
		<alter subcontrol-id="sa-4.8" altered-by="http://fedramp.gov/ns/oscal-extension/1.0">
			<add>
				<part class="guidance" required-by="fedramp">
					<p>SA-4 (8) Guidance: CSP must use the same security standards regardless of where the system component or information system service is acquired.
</p>
				</part>
			</add>
		</alter>
		<set-param param-id="sa-4.8_prm_1">
			<value>at least the minimum requirement as defined in control CA-7</value>
		</set-param>
		<!-- - - SA-4 (9) - -  -->
		<!-- - - SA-4 (10) - -  -->
		<!-- - - SA-5 - -  -->
		<!-- - - SA-8 - -  -->
		<!-- - - SA-9 - -  -->
		<set-param param-id="sa-9_prm_2">
			<value>Federal/FedRAMP Continuous Monitoring requirements must be met for external systems where Federal information is processed or stored</value>
		</set-param>
		<set-param param-id="sa-9_prm_1">
			<value>FedRAMP Security Controls Baseline(s) if Federal information is processed or stored within the external system</value>
		</set-param>
		<!-- - - SA-9 (1) - -  -->
		<!-- - - SA-9 (2) - -  -->
		<set-param param-id="sa-9.2_prm_1">
			<value>All external systems where Federal information is processed or stored</value>
		</set-param>
		<!-- - - SA-9 (4) - -  -->
		<set-param param-id="sa-9.4_prm_2">
			<value>All external systems where Federal information is processed or stored</value>
		</set-param>
		<!-- - - SA-9 (5) - -  -->
		<set-param param-id="sa-9.5_prm_1">
			<value>information processing, information data, AND information services</value>
		</set-param>
		<!-- - - SA-10 - -  -->
		<alter control-id="sa-10" altered-by="http://fedramp.gov/ns/oscal-extension/1.0">
			<add>
				<part class="guidance" required-by="fedramp">
					<p>SA-10 (e)  Requirement: for JAB authorizations, track security flaws and flaw resolution within the system, component, or service and report findings to organization-defined personnel, to include FedRAMP.
</p>
				</part>
			</add>
		</alter>
		<set-param param-id="sa-10_prm_1">
			<value>development, implementation, AND operation</value>
		</set-param>
		<!-- - - SA-10 (1) - -  -->
		<!-- - - SA-11 - -  -->
		<!-- - - SA-11 (1) - -  -->
		<alter subcontrol-id="sa-11.1" altered-by="http://fedramp.gov/ns/oscal-extension/1.0">
			<add>
				<part class="guidance" required-by="fedramp">
					<p>SA-11 (1) Requirement: The service provider documents in the Continuous Monitoring Plan, how newly developed code for the information system is reviewed.
</p>
				</part>
			</add>
		</alter>
		<!-- - - SA-11 (2) - -  -->
		<!-- - - SA-11 (8) - -  -->
		<alter subcontrol-id="sa-11.8" altered-by="http://fedramp.gov/ns/oscal-extension/1.0">
			<add>
				<part class="guidance" required-by="fedramp">
					<p>SA-11 (8) Requirement: The service provider documents in the Continuous Monitoring Plan, how newly developed code for the information system is reviewed.
</p>
				</part>
			</add>
		</alter>
		<!-- - - SC-1 - -  -->
		<set-param param-id="sc-1_prm_3">
			<value>at least annually</value>
		</set-param>
		<set-param param-id="sc-1_prm_2">
			<value>at least every 3 years</value>
		</set-param>
		<!-- - - SC-2 - -  -->
		<!-- - - SC-4 - -  -->
		<!-- - - SC-5 - -  -->
		<!-- - - SC-6 - -  -->
		<!-- - - SC-7 - -  -->
		<!-- - - SC-7 (3) - -  -->
		<!-- - - SC-7 (4) - -  -->
		<set-param param-id="sc-7.4_prm_1">
			<value>at least annually</value>
		</set-param>
		<!-- - - SC-7 (5) - -  -->
		<!-- - - SC-7 (7) - -  -->
		<!-- - - SC-7 (8) - -  -->
		<!-- - - SC-7 (12) - -  -->
		<!-- - - SC-7 (13) - -  -->
		<alter subcontrol-id="sc-7.13" altered-by="http://fedramp.gov/ns/oscal-extension/1.0">
			<add>
				<part class="guidance" required-by="fedramp">
					<p>SC-7 (13) Requirement: The service provider defines key information security tools, mechanisms, and support components associated with system and security administration and isolates those tools, mechanisms, and support components from other internal information system components via physically or logically separate subnets.
</p>
				</part>
			</add>
		</alter>
		<!-- - - SC-7 (18) - -  -->
		<!-- - - SC-8 - -  -->
		<set-param param-id="sc-8_prm_1">
			<value>confidentiality AND integrity</value>
		</set-param>
		<!-- - - SC-8 (1) - -  -->
		<set-param param-id="sc-8.1_prm_2">
			<value>a hardened or alarmed carrier Protective Distribution System (PDS)</value>
		</set-param>
		<set-param param-id="sc-8.1_prm_1">
			<value>prevent unauthorized disclosure of information AND detect changes to information</value>
		</set-param>
		<!-- - - SC-10 - -  -->
		<set-param param-id="sc-10_prm_1">
			<value>no longer than 30 minutes for RAS-based sessions or no longer than 60 minutes for non-interactive user sessions</value>
		</set-param>
		<!-- - - SC-12 - -  -->
		<alter control-id="sc-12" altered-by="http://fedramp.gov/ns/oscal-extension/1.0">
			<add>
				<part class="guidance" required-by="fedramp">
					<p>SC-12 Guidance: Federally approved cryptography</p>
				</part>
			</add>
		</alter>
		<!-- - - SC-12 (2) - -  -->
		<set-param param-id="sc-12.2_prm_1">
			<value>NIST FIPS-compliant</value>
		</set-param>
		<!-- - - SC-12 (3) - -  -->
		<!-- - - SC-13 - -  -->
		<set-param param-id="sc-13_prm_1">
			<value>FIPS-validated or NSA-approved cryptography</value>
		</set-param>
		<!-- - - SC-15 - -  -->
		<alter control-id="sc-15" altered-by="http://fedramp.gov/ns/oscal-extension/1.0">
			<add>
				<part class="guidance" required-by="fedramp">
					<p>SC-15 Additional FedRAMP Requirements and Guidance: 
Requirement: The information system provides disablement (instead of physical disconnect) of collaborative computing devices in a manner that supports ease of use.</p>
				</part>
			</add>
		</alter>
		<set-param param-id="sc-15b._prm_1">
			<value>no exceptions</value>
		</set-param>
		<!-- - - SC-17 - -  -->
		<!-- - - SC-18 - -  -->
		<!-- - - SC-19 - -  -->
		<!-- - - SC-20 - -  -->
		<!-- - - SC-21 - -  -->
		<!-- - - SC-22 - -  -->
		<!-- - - SC-23 - -  -->
		<!-- - - SC-28 - -  -->
		<alter control-id="sc-28" altered-by="http://fedramp.gov/ns/oscal-extension/1.0">
			<add>
				<part class="guidance" required-by="fedramp">
					<p>SC-28 Guidance: The organization supports the capability to use cryptographic mechanisms to protect information at rest.</p>
				</part>
			</add>
		</alter>
		<set-param param-id="sc-28_prm_1">
			<value>confidentiality AND integrity</value>
		</set-param>
		<!-- - - SC-28 (1) - -  -->
		<!-- - - SC-39 - -  -->
		<!-- - - SI-1 - -  -->
		<set-param param-id="si-1_prm_3">
			<value>at least annually</value>
		</set-param>
		<set-param param-id="si-1_prm_2">
			<value>at least every 3 years</value>
		</set-param>
		<!-- - - SI-2 - -  -->
		<set-param param-id="si-2_prm_1">
			<value>within 30 days of release of updates</value>
		</set-param>
		<!-- - - SI-2 (2) - -  -->
		<set-param param-id="si-2.2_prm_1">
			<value>at least monthly</value>
		</set-param>
		<!-- - - SI-2 (3) - -  -->
		<!-- - - SI-3 - -  -->
		<set-param param-id="si-3_prm_1">
			<value>at least weekly</value>
		</set-param>
		<set-param param-id="si-3_prm_3">
			<value>to include alerting administrator or defined security personnel</value>
		</set-param>
		<set-param param-id="si-3_prm_2">
			<value>to include endpoints</value>
		</set-param>
		<!-- - - SI-3 (1) - -  -->
		<!-- - - SI-3 (2) - -  -->
		<!-- - - SI-3 (7) - -  -->
		<!-- - - SI-4 - -  -->
		<alter control-id="si-4" altered-by="http://fedramp.gov/ns/oscal-extension/1.0">
			<add>
				<part class="guidance" required-by="fedramp">
					<p>SI-4 Guidance: See US-CERT Incident Response Reporting Guidelines.</p>
				</part>
			</add>
		</alter>
		<!-- - - SI-4 (1) - -  -->
		<!-- - - SI-4 (2) - -  -->
		<!-- - - SI-4 (4) - -  -->
		<set-param param-id="si-4.4_prm_1">
			<value>continuously</value>
		</set-param>
		<!-- - - SI-4 (5) - -  -->
		<alter subcontrol-id="si-4.5" altered-by="http://fedramp.gov/ns/oscal-extension/1.0">
			<add>
				<part class="guidance" required-by="fedramp">
					<p>SI-4 (5) Guidance: In accordance with the incident response plan.</p>
				</part>
			</add>
		</alter>
		<!-- - - SI-4 (14) - -  -->
		<!-- - - SI-4 (16) - -  -->
		<!-- - - SI-4 (23) - -  -->
		<!-- - - SI-5 - -  -->
		<set-param param-id="si-5_prm_2">
			<value>to include system security personnel and administrators with configuration/patch-management responsibilities</value>
		</set-param>
		<set-param param-id="si-5_prm_1">
			<value>to include US-CERT</value>
		</set-param>
		<!-- - - SI-6 - -  -->
		<set-param param-id="si-6_prm_4">
			<value>at least monthly</value>
		</set-param>
		<set-param param-id="si-6_prm_7">
			<value>to include notification of system administrators and security personnel</value>
		</set-param>
		<set-param param-id="si-6_prm_5">
			<value>to include system administrators and security personnel</value>
		</set-param>
		<set-param param-id="si-6_prm_3">
			<value>to include upon system startup and/or restart</value>
		</set-param>
		<!-- - - SI-7 - -  -->
		<!-- - - SI-7 (1) - -  -->
		<set-param param-id="si-7.1_prm_4">
			<value>at least monthly</value>
		</set-param>
		<set-param param-id="si-7.1_prm_3">
			<value>Selection to include security relevant events</value>
		</set-param>
		<!-- - - SI-7 (7) - -  -->
		<!-- - - SI-8 - -  -->
		<!-- - - SI-8 (1) - -  -->
		<!-- - - SI-8 (2) - -  -->
		<!-- - - SI-10 - -  -->
		<!-- - - SI-11 - -  -->
		<!-- - - SI-12 - -  -->
		<!-- - - SI-16 - -  -->
	</modify>
</profile>